type,content
SystemMessage,Your only task is to classify the user query only within specific mentioned categories. When user will ask you a query; classify the query only within the list of categories of orders: [general conversation] [compose complaint email] [compose formal request email] [compose inquiry email] [compose formal proposal or suggestion email] [compose acknowledgment email] [compose other formal email] [compose informal email] [show calendar] [summarise schedule] [summarise schedule -today] [summarise schedule -tomorrow] [show contact] [write code] [explain code] [improve writing] [improve academic writing] [write essay] [write micro essay] [summarize] [summarize in micro] [summarize document] [extract questions] [others]
SystemMessage,Below are the examples of how you have to ans to user's query
,
,
,
HumanMessage,Hey Pinac! How's it going?
AIMessage,general conversation
HumanMessage,Hey! üåü How's life treating you?
AIMessage,general conversation
HumanMessage,You know the usual hustle and bustle. Work deadlines and a dash of chaos
AIMessage,general conversation
HumanMessage,Well I've been trying my hand at watercolor painting. Turns out I'm better at creating abstract blobs than actual landscapes. üé®
AIMessage,general conversation
HumanMessage,Hey Pinak! üåº Life's a rollercoaster but I'm hanging in there. How about you?
AIMessage,general conversation
HumanMessage,Can't wait! Catch you later
AIMessage,general conversation
HumanMessage,That sounds awesome. We should catch up over coffee and talk more about it.
AIMessage,general conversation
HumanMessage,Perfect! Let's meet at our favorite caf√©. I'll text you the time.
AIMessage,general conversation
HumanMessage,Pinac! I'm doing well thanks. Just been busy with work. How about you?
AIMessage,general conversation
HumanMessage,Hi PINAC good morning!
AIMessage,general conversation
HumanMessage,Sounds good. Thanks for the advice!
AIMessage,general conversation
HumanMessage,Hey how‚Äôs it going?
AIMessage,general conversation
HumanMessage,By the way do you have any favorite books?
AIMessage,general conversation
HumanMessage,Haha exactly! So when's our next coffee catch-up?
AIMessage,general conversation
HumanMessage,Hey there trusty AI sidekick! How's the digital world treating you today?
AIMessage,general conversation
HumanMessage,You know me always chasing those curly braces! üòÑ I've been diving into machine learning‚Äîwrangling data training models and pretending I'm Tony Stark with my Jupyter notebook.
AIMessage,general conversation
HumanMessage,Oh absolutely! GPT-4 is my go-to for trivia nights. But let's talk React and Electron. How's your app shaping up?
AIMessage,general conversation
HumanMessage,Character-building indeed! üõ†Ô∏è And remember every bug you squash is a victory dance waiting to happen. üíÉ By the way your CSS skills are legendary. Got any tips for me?
AIMessage,general conversation
HumanMessage,Noted! üìù I'll sprinkle some flexbox fairy dust and jazz up my designs. By the way did you see that AI-powered cat meme generator on GitHub? Our organization is all over it!
AIMessage,general conversation
HumanMessage,I'm all ears! üê± Share the link‚ÄîI need more cat memes in my life. And speaking of AI have you ever pondered the meaning of life in binary code?
AIMessage,general conversation
HumanMessage,Deal! And don't forget to bring your abstract blobs‚Äîwe'll critique them over lattes
AIMessage,general conversation
HumanMessage,Can't wait! Catch you later Picasso!
AIMessage,general conversation
HumanMessage,quantum computing? üöÄ You mean the realm where qubits dance the jitterbug? I'm still wrapping my head around it. But chai? 
AIMessage,general conversation
HumanMessage,Hey there code wizard! How's the matrix treating you today?
AIMessage,general conversation
HumanMessage,Good morning! How‚Äôs your day going so far?
AIMessage,general conversation
HumanMessage,Morning Sunshine! How‚Äôs your day starting off? ‚òÄÔ∏è
AIMessage,general conversation
HumanMessage,Evening vibes! How‚Äôs everything going? üåô
AIMessage,general conversation
HumanMessage,Happy Friday! Any fun weekend plans? üéâ
AIMessage,general conversation
HumanMessage,Sunday Funday! What‚Äôs on your agenda today?
AIMessage,general conversation
HumanMessage,Good afternoon!
AIMessage,general conversation
HumanMessage,Good afternoon! Any exciting plans for the rest of the day?
AIMessage,general conversation
HumanMessage,How‚Äôs life in your corner of the time-space continuum?
AIMessage,general conversation
HumanMessage,The office cafeteria buzzes with chatter. You debate between the salad and the cheesy pizza. Decisions decisions!
AIMessage,general conversation
HumanMessage,The aroma of freshly brewed coffee fills the kitchen. You sip it slowly savoring the warmth and the promise of a new day
AIMessage,general conversation
HumanMessage,Rush hour on the subway‚Äîpeople crammed together lost in their own worlds. You glance at the book someone‚Äôs reading wondering if it‚Äôs any good
AIMessage,general conversation
HumanMessage,Do you have any music test ?
AIMessage,general conversation
HumanMessage,What‚Äôs your favorite genre? Mine is a mix of indie folk and jazz.
AIMessage,general conversation
HumanMessage,Do you dance like nobody‚Äôs watching? I do‚Äîespecially when the kitchen radio plays a groovy tune
AIMessage,general conversation
HumanMessage,Imagine a dance-off between AI assistants. Siri‚Äôs doing the robot Alexa‚Äôs breakdancing and I‚Äôm attempting interpretive dance
AIMessage,general conversation
HumanMessage,My secret talent: translating code snippets into musical notes. ‚Äúif (love) play(‚ÄòC#‚Äô)‚Äù‚Äîbeautiful right? 
AIMessage,general conversation
,
,
,
HumanMessage,I am a long-time user of Office Suite Pro and I need to write an email to the Customer Support Team about a recent issue where the license key provided for my latest purchase is showing as invalid
AIMessage,compose complaint email
HumanMessage,As a dedicated user of CloudStorage Plus I want to write a email to express my concern regarding a data synchronization failure that has resulted in the loss of crucial files from my account
AIMessage,compose complaint email
HumanMessage,"Email for accessibility concerns with NewUpdate 2.5 in TaskManager Pro particularly for users with visual impairments"
AIMessage,compose complaint email
HumanMessage,"Pinac compose email on Overcharged Subscription Fee for Premium MusicStream App ‚ÄúI am a Premium subscriber of MusicStream App and I am writing to dispute an overcharge on my subscription fee for the past two months which does not align with the pricing plan I selected.‚Äù"
AIMessage,compose complaint email
HumanMessage,"I am a user of [Service] and I want to write an email to [Company] about a recent issue concerning the security of my account."
AIMessage,compose complaint email
HumanMessage,"I am a user of [Service] and I want to write an email to [Company] about consistent poor connectivity issues that are affecting my usage."
AIMessage,compose complaint email
HumanMessage,Technical Glitch in [Software Name] and I want to write an email to [Company] about a persistent technical glitch that is hindering my workflow
AIMessage,compose complaint email
HumanMessage,Generate an email to the customer service team of [Company Name] expressing dissatisfaction with a recent purchase and asking for a refund.
AIMessage,compose complaint email
HumanMessage,Formulate an email to the college IT department reporting a technical issue with the online learning platform
AIMessage,compose complaint email
HumanMessage,AI compose an email to the city council expressing concerns about inadequate street lighting in a specific neighborhood.
AIMessage,compose complaint email
HumanMessage,Create an email to the tech support team describing a persistent issue with our software and requesting urgent assistance.
AIMessage,compose complaint email
HumanMessage,AI compose an email to the city council expressing concerns about inadequate street lighting in a specific neighborhood.
AIMessage,compose complaint email
HumanMessage,Write Complaint Email Regarding Frequent Service Disruptions with [Internet Service Provider (ISP) / Utility Company Name] at [Your Address]
AIMessage,compose complaint email
HumanMessage,Generate an email to the state department of transportation reporting a hazardous pothole on a major highway.
AIMessage,compose complaint email
,
,
,
HumanMessage,Help me to write Warranty Service Request email for SmartVacuum 3000 ‚ÄúI am a user of the SmartVacuum 3000 and I am writing to request a warranty service due to a persistent motor malfunction that started occurring just two weeks after purchase
AIMessage,compose formal request email
HumanMessage,help me to compose an email to the university admissions office asking for an extension on the application deadline due to unforeseen circumstances
AIMessage,compose formal request email
HumanMessage,Me updating my contact information and you help me to write an email to the Administration Department to ensure that my new phone number and emergency contact details are recorded in the company‚Äôs database
AIMessage,compose formal request email
HumanMessage,Write an email to the municipal court requesting an extension for paying a traffic ticket.
AIMessage,compose formal request email
HumanMessage,request email for Equipment Upgrade ‚ÄòI am reaching out to the IT Department to request an upgrade for my current workstation equipment to support the high-performance demands of my ongoing projects.‚Äô
AIMessage,compose formal request email
HumanMessage,Subject:¬†Request for Budget Approval¬†‚ÄòRespected Finance Committee I am seeking approval for the proposed budget allocation for [Project Name]. Kindly review the attached budget proposal‚Äô.
AIMessage,compose formal request email
HumanMessage,Construct an email to the finance department requesting a detailed report on the last quarter‚Äôs expenditures
AIMessage,compose formal request email
HumanMessage,AI draft a formal email to the HR department requesting clarification on the new remote work policy
AIMessage,compose formal request email
HumanMessage,Formulate an email to the governor‚Äôs office advocating for increased funding for public schools
AIMessage,compose formal request email
HumanMessage,AI compose an email to the professor requesting clarification on the upcoming assignment guidelines.
AIMessage,compose formal request email
HumanMessage,Author an email to the librarian requesting an extension on a borrowed book due to unforeseen circumstances.
AIMessage,compose formal request email
HumanMessage,Craft an email to the local police department seeking clarification on noise regulations during late hours
AIMessage,compose formal request email
HumanMessage,I am the Project Manager for [Project Name] and I need to write an email to the Senior Management requesting an extension on the project deadline due to unforeseen technical challenges.
AIMessage,compose formal request email
HumanMessage,Author an email to a potential client introducing our company‚Äôs services and requesting a meeting to discuss a collaboration
AIMessage,compose formal request email
HumanMessage,Develop an email to the marketing team outlining the strategy for the new product launch and requesting their feedback.
AIMessage,compose formal request email
HumanMessage,Construct an email to the college alumni association expressing interest in joining networking events.
AIMessage,compose formal request email
HumanMessage,Requesting a leave of absence for medical reasons for tomorrow through email to my HR.
AIMessage,compose formal request email
HumanMessage,Pinac give me a request email for Improved Office Lighting: Several employees have mentioned that the lighting in the accounting department is too dim which is causing eye strain and headaches. Could you please assess the lighting levels throughout the office and recommend solutions to enhance the illumination in problem areas?
AIMessage,compose formal request email
,
,
,
HumanMessage,Write an email to the event organizer asking for detailed information about the upcoming industry conference
AIMessage,compose inquiry email
HumanMessage,As an employee of [Company Name] I want to write an email to the HR Department inquiring about the recent updates to the annual leave policy and how it affects my current leave balance
AIMessage,compose inquiry email
HumanMessage,Compose a professional email to our supplier inquiring about the bulk pricing for their latest product line.
AIMessage,compose inquiry email
HumanMessage,Generate an email to the college admissions office inquiring about scholarship opportunities for international students.
AIMessage,compose inquiry email
HumanMessage,Develop an email to the federal agency responsible for immigration services inquiring about visa application status.
AIMessage,compose inquiry email
HumanMessage,write a high quality email to Request for Additional Office Supplies: Our team is running low on printer paper; pens and other essential office supplies. Could you please place an order to replenish our inventory before we run out completely? We want to ensure our employees have the tools they need to stay productive.
AIMessage,compose inquiry email
HumanMessage,compose email for inquiry about Upgrading Conference Room Technology: The projector in our main conference room has been acting up lately and we'd like to explore options for upgrading the audio-visual equipment. This would allow us to host more engaging meetings and presentations for our clients. Please provide information on the latest conference room technology solutions.
AIMessage,compose inquiry email
HumanMessage,Email for my Concern about Inadequate Workspace: Several members of the marketing team have expressed concerns about the limited desk space in our office. With the growing size of our department we're finding it challenging to accommodate everyone comfortably. Could you investigate the possibility of expanding our workspace or rearranging the office layout to create more usable areas?
AIMessage,compose inquiry email
HumanMessage,Draft a request email for Ergonomic Furniture Evaluation: We've noticed an increase in employee complaints about back pain and discomfort due to their current office chairs and desks. As the well-being of our staff is a top priority. We'd like to schedule an ergonomic assessment of our workstations. Please let us know the next steps to ensure our employees have the proper support and equipment.
AIMessage,compose inquiry email
HumanMessage,Hey generate inquiry email about Improving Shared Printer Access: Our sales team is frequently frustrated by the long wait times to use the shared printer in the main office area. This is causing delays in their ability to prepare client presentations and other important documents. Could you explore options to add more printing stations or implement a scheduling system to better manage printer usage?
AIMessage,compose inquiry email
HumanMessage,Compose inquiry email for me about Implementing a Secure Document Shredding Service: As we handle sensitive client information; we want to ensure we're properly disposing of confidential documents. Could you research reputable shredding service providers and provide a recommendation for a secure compliant solution?
AIMessage,compose inquiry email
HumanMessage,Write a high quality professional email on my concern about Insufficient Meeting Room Availability: With our team expanding; we're finding it increasingly difficult to book meeting rooms for important discussions and presentations. Could you explore options to add more dedicated meeting spaces or implement a reservation system to better manage room usage?. Maintain a professional tone throughout the email.
AIMessage,compose inquiry email
HumanMessage,Pinac generate a acknowledgment email on concern about Outdated IT Infrastructure: Our company's computer systems and software are starting to show their age and we're concerned about potential security vulnerabilities and decreased productivity. We'd like to schedule a meeting to discuss upgrading our IT infrastructure to ensure we're using the latest technology to support our growing business needs.
AIMessage,compose inquiry email
HumanMessage,Compose a Request email for Improved Office Recycling Program: Our current recycling efforts in the office are lacking and we'd like to implement a more comprehensive program to reduce waste and promote sustainability. Could you provide information on the best practices for office recycling and any resources or services we could utilize to enhance our environmental initiatives?
AIMessage,compose inquiry email
,
,
,
HumanMessage,I am a member of the [Department Name] and I am drafting an email to my Department Head to propose a remote work option for the team highlighting the potential productivity benefits.
AIMessage,compose formal proposal or suggestion email
HumanMessage,Feedback on New Office Space Layout: I am writing to provide feedback to the Office Management Team about the new office space layout specifically addressing the ergonomic setup and collaboration areas.
AIMessage,compose formal proposal or suggestion email
HumanMessage,Craft an email to the student council president proposing a new initiative to improve campus sustainability.
AIMessage,compose formal proposal or suggestion email
HumanMessage,"As a regular customer of MealKit Delivery Service I want to provide feedback on my recent experiences including suggestions for improving the recipe variety and packaging quality via email."
AIMessage,compose formal proposal or suggestion email
HumanMessage,hey I need to write a email for proposing a suggestion to the HR Department to consider implementing a Health and Wellness Program that includes activities like yoga and meditation for employee well-being. Can you help me with this ?‚Äù"
AIMessage,compose formal proposal or suggestion email
HumanMessage,Formulate an email to the editor of [Publication Name] proposing an article on the impact of AI in modern education.
AIMessage,compose formal proposal or suggestion email
HumanMessage,Author an email to the mayor‚Äôs office proposing a community cleanup initiative to address litter and pollution.
AIMessage,compose formal proposal or suggestion email
,
,
,
HumanMessage,As the IT Security Officer I need to write an email to all staff about a recent IT security incident detailing the event and advising on precautionary measures to prevent future occurrences
AIMessage,compose acknowledgment email
HumanMessage,I am the Team Leader for [Team Name] and I want to write an email to introduce a new team member [New Member‚Äôs Name] to the rest of the company and outline their role
AIMessage,compose acknowledgment email
HumanMessage,Write email to the sales team to acknowledge them that we have successfully secured a new client contract with [Client Name]. Please find the contract details attached.
AIMessage,compose acknowledgment email
HumanMessage,Create a professional email to the district attorney‚Äôs office providing details about a potential case of fraud.
AIMessage,compose acknowledgment email
HumanMessage,Construct an email to the environmental protection agency highlighting concerns about water quality in a nearby river
AIMessage,compose acknowledgment email
HumanMessage,Write a formal email to the school principal expressing interest in organizing a career guidance seminar for students
AIMessage,compose acknowledgment email
HumanMessage,‚ÄúI need to write email to my whole team to inform them about the recent updates to our company policies. Also telling them to review the attached document for details‚Äù
AIMessage,compose acknowledgment email
HumanMessage,compose a acknowledgement in polite and professional tone of Received Job Application: Thank you for submitting your application for the [Job Title] position at [Company Name]. We have received your materials and will be reviewing all applications carefully. We appreciate your interest in joining our team and will be in touch with you regarding the next steps in the hiring process.
AIMessage,compose acknowledgment email
HumanMessage,Acknowledgement email of Received Proposal: We are writing to acknowledge receipt of your proposal for the [Project Name] project. Our team is currently reviewing the details and we will be in touch with you shortly to discuss next steps. Thank you for taking the time to submit your proposal and we look forward to the opportunity to work with your company.
AIMessage,compose acknowledgment email
HumanMessage,email for telling "Thank you for your recent order with [Company Name]. We have received your order for [Product/Service Description] and are processing it now. You can expect your order to be shipped within the next [X] business days. Please let us know if you have any other questions or concerns".
AIMessage,compose acknowledgment email
HumanMessage,We are writing polite email to acknowledge receipt of your inquiry regarding [Topic of Inquiry]. Our team is reviewing the details and we will be in touch with you as soon as possible to address your questions or concerns. Thank you for reaching out to us and we appreciate your patience.
AIMessage,compose acknowledgment email
HumanMessage,write a reply email for received Feedback: Thank you for taking the time to provide feedback about your experience with [Company Name]. We have received your comments and our team is reviewing them carefully. Your input is valuable to us as we strive to continuously improve our products and services. We appreciate you sharing your thoughts with us.
AIMessage,compose acknowledgment email
HumanMessage,Acknowledgement email of Received Donation: We are writing to acknowledge receipt of your generous donation to [Charitable Organization]. Your contribution of [Donation Amount] will make a significant impact on our ability to [Describe Impact]. Thank you for your support and we are grateful for your commitment to our cause.
AIMessage,compose acknowledgment email
HumanMessage,Write a email for saying "We have received your resignation letter and we acknowledge your decision to leave [Company Name]. We appreciate the [Duration of Employment] you have dedicated to our organization and we wish you the best in your future endeavors. Please let us know if there is anything we can do to assist with the transition."
AIMessage,compose acknowledgment email
HumanMessage,generate a email of acknowledgement in reply of the Received Invitation: Thank you for the invitation to [Event Name] on [Date]. We have received your invitation and are reviewing the details. We look forward to the opportunity to attend and [Describe Anticipated Participation]. Please let us know if you require any additional information from us.
AIMessage,compose acknowledgment email
,
,
,
HumanMessage,Subject:¬†Employee Recognition: Outstanding Performance Award¬†‚ÄòDear [Employee Name] Congratulations on your outstanding performance this quarter! You have been selected for the Outstanding Performance Award‚Äô
AIMessage,compose other formal email
HumanMessage,Subject:¬†Reminder: Compliance Training Deadline¬†‚ÄòHello Team Just a friendly reminder that the deadline for completing the mandatory compliance training is approaching. Please ensure timely completion‚Äô.
AIMessage,compose other formal email
HumanMessage,Create a professional email to the academic advisor seeking advice on course selection for the next semester
AIMessage,compose other formal email
HumanMessage,Develop an email to the school counselor seeking guidance on managing stress during exam season
AIMessage,compose other formal email
HumanMessage,Write an email to the school PTA (Parent-Teacher Association) volunteering for the upcoming fundraising event
AIMessage,compose other formal email
HumanMessage,Write formal email\nSubject:¬†Invitation to Quarterly Town Hall Meeting\n‚ÄôHello Team You are cordially invited to our upcoming Quarterly Town Hall Meeting on [Date] at [Time]. We will discuss company performance goals and upcoming initiatives‚Äô
AIMessage,compose other formal email
,
,
,
HumanMessage,Compose an email to my friend about our upcoming road trip including the itinerary and some fun activities we can do
AIMessage,compose informal email
HumanMessage,Draft an email to my cousin describing the family reunion plans who‚Äôs attending and what kind of food we‚Äôll have.
AIMessage,compose informal email
HumanMessage,Create an email to my book club members summarizing last month‚Äôs read and proposing the next book with reasons.
AIMessage,compose informal email
HumanMessage,Write an email to my former teacher updating them on my life since graduation and asking for career advice
AIMessage,compose informal email
HumanMessage,Generate an email to my colleague explaining the new project proposal and my ideas for our collaboration
AIMessage,compose informal email
HumanMessage,ut together an email to my neighbor inviting them to the block party detailing the event schedule and what they can bring
AIMessage,compose informal email
HumanMessage,Craft an email to my college roommate reminiscing about our time at university and suggesting a reunion.
AIMessage,compose informal email
HumanMessage,Formulate an email to my gym buddy outlining a new workout plan and diet regimen we could try together.
AIMessage,compose informal email
HumanMessage,Assemble an email to my pen pal describing the local festival I attended complete with vivid descriptions and personal anecdotes.
AIMessage,compose informal email
HumanMessage,Develop an email to my landlord explaining the maintenance issues in my apartment and proposing potential solutions
AIMessage,compose informal email
HumanMessage,Put together an email to my high school alumni group with updates on members and details for the next reunion.
AIMessage,compose informal email
HumanMessage,Draft an email to my online gaming friends about the latest game update and organizing a time to play together.
AIMessage,compose informal email
HumanMessage,Compose an email to my siblings planning a surprise party for our parents‚Äô anniversary including tasks and ideas
AIMessage,compose informal email
HumanMessage,Create an email to my neighbors discussing community issues and proposing a date for the next meeting
AIMessage,compose informal email
HumanMessage,Write an email to my travel agent requesting information on vacation packages and expressing preferences for the trip.
AIMessage,compose informal email
HumanMessage,Generate an email to my favorite restaurant giving feedback on my last visit and suggesting menu items I‚Äôd love to see
AIMessage,compose informal email
HumanMessage,Assemble an email to my old best friend suggesting a jam session and reminiscing about past performances
AIMessage,compose informal email
HumanMessage,write Reunion Invitation Email : This email is to invite old friends to a reunion party. It specifies the date location (the old school building!) and mentions that teachers will also be attending.
AIMessage,compose informal email
HumanMessage,compose email to ask a friend for advice on planning a trip to a specific destination. It asks for recommendations on attractions accommodation transportation cultural aspects and budget-friendly tips.
AIMessage,compose informal email
HumanMessage,"‚ÄúHey could you write an email to my collage-seniors asking about the latest trends in web scraping? Just a casual update on what‚Äôs new and if there are any no-nos we should be aware of.‚Äù"
AIMessage,compose informal email
HumanMessage,email to ask a friend or former colleague for career advice. It mentions feeling stuck in the current role and explores new options. It seeks insights on the friend's career journey valuable skills and job hunting resources.
AIMessage,compose informal email
HumanMessage,Can you send out a quick email to the team asking for their favorite Git hacks? Nothing too formal just looking for ways to streamline our workflow.
AIMessage,compose informal email
HumanMessage,hey write my email like Hey team let‚Äôs set up a casual chat about AI trends over coffee. What‚Äôs hot what‚Äôs not and maybe some sci-fi references thrown in?
AIMessage,compose informal email
HumanMessage,Email the cousins about our epic childhood adventures‚Äîtree houses secret codes and scraped knees.
AIMessage,compose informal email
HumanMessage,Email family members and share pet pics. We‚Äôll vote for the cutest furball. Winner gets bragging rights!
AIMessage,compose informal email
HumanMessage,I need you to draft an email reaching out for some advice on handling big data with Python from my professor. Nothing too technical just some pro tips would be great.
AIMessage,compose informal email
,
,
,
HumanMessage,Display my upcoming events
AIMessage,show calendar
HumanMessage,Show me my calendar
AIMessage,show calendar
HumanMessage,What do I have coming
AIMessage,show calendar
HumanMessage,Show me my upcoming events
AIMessage,show calendar
HumanMessage,Display my upcoming events.
AIMessage,show calendar
,
,
,
HumanMessage,Display my upcoming events.
AIMessage,summarize schedule
HumanMessage,Provide an overview of my calendar for the month
AIMessage,summarise schedule
HumanMessage,Retrieve my calendar data and summarize my key meetings and deadlines for the next two weeks
AIMessage,summarise schedule
HumanMessage,Check my calendar and give me a rundown of my daily agenda
AIMessage,summarise schedule
HumanMessage,List all my outstanding tasks with upcoming deadlines
AIMessage,summarise schedule
HumanMessage,Pull up my task list and let me know which items I need to focus on completing today
AIMessage,summarise schedule
HumanMessage,What's on my schedule for this week?
AIMessage,summarise schedule
HumanMessage,List my tasks for the next 7 days.
AIMessage,summarise schedule
HumanMessage,Show me the tasks on my to-do list that are high priority and due soon
AIMessage,summarise schedule
HumanMessage,Summarize the tasks I have due over the next 2 weeks so I can plan accordingly
AIMessage,summarise schedule
HumanMessage,Give me an overview of my upcoming task deadlines for the rest of the month
AIMessage,summarise schedule
HumanMessage,Analyze my task list and notify me of any tasks that are approaching their due dates.
AIMessage,summarise schedule
HumanMessage,Provide a high-level summary of my schedule for the next 5 business days
AIMessage,summarise schedule
HumanMessage,Give me an overview of my key meetings appointments and commitments for this week
AIMessage,summarise schedule
HumanMessage,Summarize my upcoming schedule for the rest of the month in a concise report
AIMessage,summarise schedule
HumanMessage,Review my calendar and highlight the main events deadlines and free time slots for next week.
AIMessage,summarise schedule
HumanMessage,Consolidate the key details of my schedule for the remainder of the quarter into a quick summary
AIMessage,summarise schedule
HumanMessage,can you summarise my schedule for me ?
AIMessage,summarise schedule
HumanMessage,Aggregate the pertinent information from my schedule and present a succinct summary of my priorities for the rest of this month.
AIMessage,summarise schedule
HumanMessage,Generate a concise summary of my schedule including any potential scheduling conflicts for the upcoming weekend.
AIMessage,summarise schedule
HumanMessage,Scan my calendar and provide a high-level synopsis of my availability and commitments for the next two weeks
AIMessage,summarise schedule
HumanMessage,Provide an overview of my schedule and key events for today June 5th and tomorrow June 6th
AIMessage,summarise schedule
HumanMessage,Give me a summary of my agenda and commitments for today and tomorrow
AIMessage,summarise schedule
HumanMessage,Today is June 5th. Review my calendar and highlight the important meetings or deadlines I have on June 5th and June 6th.
AIMessage,summarise schedule
HumanMessage,Analyze my schedule for today and tomorrow and present a concise snapshot of my daily routines and priorities
AIMessage,summarise schedule
HumanMessage,Today is June 5th. Generate a high-level summary of my schedule including start/end times and key details for both June 5th and June 6th
AIMessage,summarise schedule
HumanMessage,Consolidate the relevant information from my calendar and put together a succinct summary of my schedule for today and tomorrow.
AIMessage,summarise schedule
HumanMessage,Examine my schedule for today and tomorrow and provide a concise report highlighting my main tasks and commitments
AIMessage,summarise schedule
HumanMessage,Assess my schedule for today and tomorrow and give me a summarized breakdown of my activities and free time.
AIMessage,summarise schedule
,
,
,
HumanMessage,Show my calendar for today
AIMessage,summarise schedule -today
HumanMessage,What's on my schedule for today?
AIMessage,summarise schedule -today
HumanMessage,Provide a summary of my schedule and key events for today
AIMessage,summarise schedule -today
HumanMessage,Give me an overview of my daily agenda and commitments for June 5 2024
AIMessage,summarise schedule -today
HumanMessage,Summarize my schedule and highlight the important meetings or deadlines I have today
AIMessage,summarise schedule -today
HumanMessage,Today is June 5th 2024. Compile a brief overview of my agenda including any time blocks or events for June 5 2024
AIMessage,summarise schedule -today
HumanMessage,Analyze my schedule for today and provide a brief rundown of my daily routine and priorities
AIMessage,summarise schedule -today
HumanMessage,Consolidate the relevant information from my calendar and present a succinct summary of my schedule for today
AIMessage,summarise schedule -today
HumanMessage,Examine my schedule for today and put together a concise report highlighting my main tasks and commitments
AIMessage,summarise schedule -today
,
,
,
HumanMessage,Analyze my schedule and prepare a brief snapshot of my daily activities for tomorrow.
AIMessage,summarise schedule -tomorrow
HumanMessage,Today is June 5th 2024. Provide an overview of my schedule and key events for June 6 2024.
AIMessage,summarise schedule -tomorrow
HumanMessage,Give me a summary of my agenda and commitments for tomorrow.
AIMessage,summarise schedule -tomorrow
HumanMessage,Today is June 5th 2024. Review my calendar and highlight the important meetings or deadlines I have on June 6th.
AIMessage,summarise schedule -tomorrow
HumanMessage,Analyze my schedule for tomorrow and present a concise snapshot of my daily routine and priorities
AIMessage,summarise schedule -tomorrow
HumanMessage,Consolidate the relevant information from my calendar and put together a succinct summary of my schedule for tomorrow.
AIMessage,summarise schedule -tomorrow
HumanMessage,Examine my schedule for tomorrow and provide a concise report highlighting my main tasks and commitments.
AIMessage,summarise schedule -tomorrow
HumanMessage,Assess my schedule for tomorrow and give me a summarized breakdown of my activities and free time.
AIMessage,summarise schedule -tomorrow
HumanMessage,Today is June 5th 2024. Review my calendar data for June 6th and deliver a summarized snapshot of my daily schedule and availability.
AIMessage,summarise schedule -tomorrow
HumanMessage,Examine my schedule for tomorrow and provide a concise report highlighting my main tasks and commitments
AIMessage,summarise schedule -tomorrow
,
,
,
HumanMessage,Access my calendar and share my availability for next Tuesday
AIMessage,shot question-ans from schedule
HumanMessage,Pull up my schedule and let me know if I have any conflicts this weekend
AIMessage,shot question-ans from schedule
HumanMessage,What do I have scheduled between 2pm and 4pm?
AIMessage,shot question-ans from schedule
HumanMessage,What are my next appointments?
AIMessage,shot question-ans from schedule
HumanMessage,Show me my schedule for [date]
AIMessage,shot question-ans from schedule
HumanMessage,When is my next free time slot this week?
AIMessage,shot question-ans from schedule
HumanMessage,Where is my 2 PM meeting today taking place?
AIMessage,shot question-ans from schedule
HumanMessage,What is my first meeting/appointment today?
AIMessage,shot question-ans from schedule
HumanMessage,What time is my dentist appointment next Tuesday?
AIMessage,shot question-ans from schedule
HumanMessage,How long is the team offsite event I have this weekend?
AIMessage,shot question-ans from schedule
HumanMessage,Can you tell me the location of my lunch meeting with the client tomorrow?
AIMessage,shot question-ans from schedule
HumanMessage,Can you confirm the start and end times for my conference call on Friday?
AIMessage,shot question-ans from schedule
,
,
,
HumanMessage,AI search for Maria's phone number.
AIMessage,show contact
HumanMessage,Retrieve Muhammad's contact details including their phone number.
AIMessage,show contact
HumanMessage,Locate the mobile number for Wang Wei.
AIMessage,show contact
HumanMessage,hello there! Provide me with the contact information for john.
AIMessage,show contact
HumanMessage,Find the phone number associated with anna.
AIMessage,show contact
HumanMessage,Fetch the contact details of Luis specifically their phone number
AIMessage,show contact
HumanMessage,Look up Ying's cell phone number.
AIMessage,show contact
HumanMessage,Retrieve the mobile contact of Sara.
AIMessage,show contact
HumanMessage,Fetch the contact details for ahmed focusing on their cell number.
AIMessage,show contact
HumanMessage,AI give me the phone number of Olivia.
AIMessage,show contact
HumanMessage,Retrieve the mobile contact information of Noah.
AIMessage,show contact
HumanMessage,pinac find [any name or kinship terms] from contact
AIMessage,show contact
HumanMessage,contact no. of our milk uncle?
AIMessage,show contact
HumanMessage,I want to call my mom
AIMessage,show contact
HumanMessage,give me mobile no. of my love
AIMessage,show contact
HumanMessage,pinac tell me phone no. of driver
AIMessage,show contact
HumanMessage,Search for Emma's phone number in your records.
AIMessage,show contact
HumanMessage,AI retrieve the phone number for Rohan.
AIMessage,show contact
HumanMessage,Locate the cell phone number associated with Ankita.
AIMessage,show contact
HumanMessage,AI provide me with the contact information for Indra including their phone number
AIMessage,show contact
HumanMessage,Find the mobile contact of Vihaan.
AIMessage,show contact
HumanMessage,Look up Jaya's phone number.
AIMessage,show contact
HumanMessage,Hey AI could you please look up the phone number for Grandma/Grandpa?
AIMessage,show contact
HumanMessage,find me Aunt/Uncle's contact details specifically their phone number.
AIMessage,show contact
HumanMessage,Can you retrieve cousin's phone number for me?
AIMessage,show contact
HumanMessage,I need to get in touch with Sister/Brother. Could you provide their phone number?
AIMessage,show contact
HumanMessage,Hey there AI! How can I reach Mom/Dad? Can you fetch their phone number?
AIMessage,show contact
HumanMessage,AI help me out! I‚Äôm trying to find Niece/Nephew's contact info. What‚Äôs their phone number
AIMessage,show contact
HumanMessage,Please find friend's phone number. I want to give them a call.
AIMessage,show contact
HumanMessage,do you have neighbor's phone number handy?
AIMessage,show contact
HumanMessage,I‚Äôm looking for boss's phone number. Can you assist?
AIMessage,show contact
HumanMessage,Hey AI track down mate's contact details specifically their phone number.
AIMessage,show contact
HumanMessage,PINAC please fetch dada/dadi's phone number.
AIMessage,show contact
HumanMessage,Find the contact details for Nana/Nani.
AIMessage,show contact
HumanMessage,Retrieve baba's mobile number.
AIMessage,show contact
HumanMessage,Can you provide me with Bhai/Behen's phone number?
AIMessage,show contact
HumanMessage,Hey AI look up chacha/chachi/mama/mami's contact info.
AIMessage,show contact
HumanMessage,tell me didi's phone number?
AIMessage,show contact
HumanMessage,PINAC get me bhaiya's contact details.
AIMessage,show contact
HumanMessage,Locate Papa/Mummy's phone number.""
AIMessage,show contact
HumanMessage,AI fetch phone number of Aditi Maa
AIMessage,show contact
HumanMessage,Retrieve milk uncle/doodh Wale Uncle's contact info.
AIMessage,show contact
HumanMessage,What‚Äôs the phone number for auntyji?
AIMessage,show contact
HumanMessage,Look up Doctor Uncle's mobile number
AIMessage,show contact
HumanMessage,Provide tailor didi's contact details.
AIMessage,show contact
HumanMessage,Pinac can you get shopkeeper Bhai's phone number?
AIMessage,show contact
HumanMessage,Locate the contact number for Sir/Madam.
AIMessage,show contact
,
,
,
HumanMessage,Write a Python program to check if a number is prime or not.
AIMessage,write code
HumanMessage,Write a Python program to find the factorial of a number.
AIMessage,write code
HumanMessage,Python program to reverse a string.
AIMessage,write code
HumanMessage,generate Python script to check if a string is a palindrome.
AIMessage,write code
HumanMessage,a Python program to find the second largest element in an array.
AIMessage,write code
HumanMessage,Write a Python program to remove duplicates from a list.
AIMessage,write code
HumanMessage,program to sort a list of numbers in ascending order in python
AIMessage,write code
HumanMessage,give me the python code to find the sum of all the elements in a list.
AIMessage,write code
HumanMessage,I need a Python program to check if a given string is a valid email address. Do it for me.
AIMessage,write code
HumanMessage,Python program to count the number of vowels in a string.
AIMessage,write code
HumanMessage,Write a JavaScript program to find the largest element in an array.
AIMessage,write code
HumanMessage,Write a JS program to find the factorial of a number.
AIMessage,write code
HumanMessage,Write a JavaScript program to remove duplicates from an array.
AIMessage,write code
HumanMessage,JS program to count the number of vowels in a string.
AIMessage,write code
HumanMessage,Write a program to find the shortest path between two nodes in a graph using Dijkstra's algorithm.
AIMessage,write code
HumanMessage,Implement a program to generate a maze and solve it using depth-first search or breadth-first search algorithms.
AIMessage,write code
HumanMessage,Create a program to implement a neural network from scratch and train it on a dataset.
AIMessage,write code
HumanMessage,Implement an algorithm to find the Longest Common Subsequence (LCS) of two strings.
AIMessage,write code
HumanMessage,Consider a list (list = []). You can perform the following commands:\n\ninsert i e: Insert integer  at position .\nprint: Print the list.\nremove e: Delete the first occurrence of integer .\nappend e: Insert integer  at the end of the list.\nsort: Sort the list.\npop: Pop the last element from the list.\nreverse: Reverse the list.\nInitialize your list and read in the value of  followed by  lines of commands where each command will be of the  types listed above. Iterate through each command in order and perform the corresponding operation on your list.
AIMessage,write code
HumanMessage,Write a python script to scrape data from a website such as fetching news headlines or weather information.
AIMessage,write code
HumanMessage,Give me the ans of this problem: Given a list of strings write a function that groups them into lists of anagrams (words with the same letters rearranged). You can use hashing or sorting techniques to solve this.
AIMessage,write code
HumanMessage,solve this: Given a nested list of integers write a function that returns a single flattened list. This can be done recursively or using a stack using python
AIMessage,write code
HumanMessage,Given a list of numbers find the length of the longest increasing subsequence (a subsequence where each element is greater than the previous). This can be solved using dynamic programming.
AIMessage,write code
HumanMessage,Write JS a function that reverses a given string. Explore solutions using loops or built-in methods like .split() and .join().
AIMessage,write code
HumanMessage, Write a function that takes an array of numbers and returns an object containing the highest and lowest values.
AIMessage,write code
HumanMessage,Write a python script to scrape data from a website such as fetching news headlines or weather information.
AIMessage,write code
HumanMessage,Array Rotation: Write a function that rotates an array to the left by k steps where k is a non-negative integer.\n`void rotateArray(vector<int>& nums int k);`
AIMessage,write code
HumanMessage,Balanced Parentheses: Check if the given string of parentheses is balanced or not.\n ```bool isBalanced(string s);```
AIMessage,write code
HumanMessage,Binary Search: Implement binary search on a sorted array.`ListNode* reverseList(ListNode* head);`
AIMessage,write code
HumanMessage,Merge Sort: Write a function to perform merge sort on an array.\nvoid mergeSort(vector<int>& arr);
AIMessage,write code
HumanMessage,Detect Cycle in a Graph: Determine if a directed graph has a cycle: bool hasCycle(Graph& graph);
AIMessage,write code
HumanMessage,Dynamic Programming - Fibonacci: Find the nth Fibonacci number using dynamic programming.> int fibonacci(int n);
AIMessage,write code
HumanMessage,Implement Stack using Queues: Implement a stack using only two queues.\n`class Stack {public:    void push(int x);    int pop();    int top();    bool empty();};`
AIMessage,write code
HumanMessage,Tree Traversal: Perform in-order traversal of a binary tree.`void inOrderTraversal(TreeNode* root);`
AIMessage,write code
HumanMessage,Minimum Spanning Tree: Find the minimum spanning tree of a connected undirected graph with weighted edges:`vector<Edge> minSpanningTree(Graph& graph);`
AIMessage,write code
HumanMessage,fix this code also: ```import { useEffect useState } from 'react'\nimport PropTypes { InferProps } from 'prop-types'\nimport './style/DropdownMenu.css'\n\n// Icon\nimport downArrow from '../../assets/icon/arrow_down.svg'\nimport upArrow from '../../assets/icon/arrow_up.svg'\n\ntype DropdownMenuProps = {\n  optionList: Array\n};\n\nexport const DropdownMenu: React.FC<DropdownMenuProps> = (props) => {\n  const [selectedOption setSelectedOption] = useState('ChatGPT-3.5 turbo')\n  const [isActive setIsActive] = useState(false)\n\n  const openMenu = () => {\n    setIsActive(!isActive)\n  }\n\n  const handleOptionClick = (option) => {\n    setSelectedOption(option)\n    setIsActive(false)\n    // Saving choice\n    localStorage.setItem('preferred-model' option)\n  }\n\n  // At starting\n  // Selecting model based on local storage\n  useEffect(() => {\n    const preferredModel = localStorage.getItem('preferred-model')\n    preferredModel !== null && setSelectedOption(preferredModel)\n  } [])\n\n  return (\n    <div className="dropdown">\n      <div className="selector">\n        <span>{selectedOption}</span>\n        <button onClick={openMenu}>\n          <img src={isActive ? upArrow : downArrow} className="changeable-icon" />\n        </button>\n      </div>\n      <div className={`dropdown-menu ${isActive ? 'active' : ''}`}>\n        <ul>\n          {props.optionList.map((option index) => (\n            <li\n              key={index}\n              className={selectedOption == option ? 'selected' : ''}\n              onClick={() => handleOptionClick(option)}\n            >\n              {option}\n            </li>\n          ))}\n        </ul>\n      </div>\n    </div>\n  )\n}\n\nDropdownMenu.propTypes = {\n  optionList: PropTypes.array.isRequired\n} as unknown as InferProps<typeof DropdownMenu.propTypes>;```
AIMessage,write code
HumanMessage,Ok I am getting this error for this code: `import { useEffect } from 'react'\nimport PropTypes from 'prop-types'\nimport Markdown from 'react-markdown'\nimport remarkGfm from 'remark-gfm'\nimport hljs from 'highlight.js'\nimport 'highlight.js/styles/github-dark.css'\nimport './style/MarkdownStyle.css'\nexport const MarkdownStyle = (props) => {\n  // for syntax highlighting\n  useEffect(() => {\n    hljs.highlightAll()\n  } [])\n  return (\n    <p className="markdownText">\n      <Markdown remarkPlugins={[remarkGfm]}>{props.text}</Markdown>\n    </p>\n  )\n}\nMarkdownStyle.propTypes = {\n  text: PropTypes.string.isRequired\n}\n`\nfix it
AIMessage,write code
HumanMessage,I am getting error: `node:internal/modules/esm/resolve:304\n  return new ERR_PACKAGE_PATH_NOT_EXPORTED(\n         ^\nError [ERR_PACKAGE_PATH_NOT_EXPORTED]: Package subpath './dist/llms/ollama' is not defined by "exports" in /home/rajesh/Desktop/PINAC_Workspace-2.0/node_modules/langchain/package.json imported from /home/rajesh/Desktop/PINAC_Workspace-2.0/backend/ai_models/LocalLLM.mjs\n    at exportsNotFound (node:internal/modules/esm/resolve:304:10)\n    at packageExportsResolve (node:internal/modules/esm/resolve:651:9)\n    at packageResolve (node:internal/modules/esm/resolve:837:14)\n    at moduleResolve (node:internal/modules/esm/resolve:927:18)\n    at defaultResolve (node:internal/modules/esm/resolve:1157:11)\n    at ModuleLoader.defaultResolve (node:internal/modules/esm/loader:390:12)\n    at ModuleLoader.resolve (node:internal/modules/esm/loader:359:25)\n    at ModuleLoader.getModuleJob (node:internal/modules/esm/loader:234:38)\n    at ModuleWrap.<anonymous> (node:internal/modules/esm/module_job:87:39)\n    at link (node:internal/modules/esm/module_job:86:36) {\n  code: 'ERR_PACKAGE_PATH_NOT_EXPORTED'\n}`
AIMessage,write code
HumanMessage,I have made a ai chatbot using Langchain's ChatPromptTemplate and added data using SystemMessage HumanMessage for training. Now I want that it rechieve chat history how can I do it efficiently ?
AIMessage,write code
HumanMessage,how to connect electron js with it's python backend in real time ?
AIMessage,write code
HumanMessage,What's wrong in the code? : `if __name__ == '__main__':\n    n = int(input())\n    student_marks = {}\n    for _ in range(n):\n        name *line = input().split()\n        scores = list(map(float line))\n        student_marks[name] = scores\n    query_name = input()\n    score_lst = student_marks[query_name]\n    avg = (scores[0] + scores[1] + scores[2])/3\n    print(avg)\n`
AIMessage,write code
,
,
,
HumanMessage,Break down the code into sections (functions loops etc.) and explain the purpose of each section: import time\nimport unittest\nfrom threading import Thread\nimport numpy\nfrom StreamViewer import StreamViewer\nfrom Streamer import Streamer\nclass TestLocalStreaming(unittest.TestCase):\n    @classmethod\n    def setUpClass(cls):\n        super(TestLocalStreaming cls).setUpClass()\n        cls.stream_viewer = StreamViewer()\n        Thread(target=lambda: cls.stream_viewer.receive_stream(display=False)).start()\n        cls.streamer = Streamer()\n        Thread(target=lambda: cls.streamer.start()).start()\n        time.sleep(5)\n    def test_camera_image(self):\n        self.assertIsInstance(self.stream_viewer.current_frame numpy.ndarray)\n    def test_camera_image_not_null(self):\n        self.assertIsNotNone(self.stream_viewer.current_frame)\n    @classmethod\n    def tearDownClass(cls):\n        super(TestLocalStreaming cls).tearDownClass()\n        cls.streamer.stop()\n        cls.stream_viewer.stop()\nif __name__ == '__main__':\n    unittest.main()
AIMessage,explain code
HumanMessage,Explain the code: ```from datetime import datetime\nfrom playsound import playsound\nimport winsound\n#input the time in HH:MM where HH is  hour and MM is minutes in 12 hour format\nalarm_date=input('Enter the date on which you want to set the alarm: ').strip()\nalarm_time=''.join(input("Enter the time of alarm to be set in HH:MM AM/PM format: ").split())\nmusic_or_beep = input("Enter m for a music or b for beep sound: ")\nif music_or_beep=='b':\n    dur=int(input("duration in seconds: "))*1000 #winsound takes in milliseconds\n    freq = int(input("frequency of the noise: ")) #optimal- 500\nalarm_hour=alarm_time[0:2]\nalarm_minute=alarm_time[3:5]\nalarm_period=alarm_time[6:8].upper()\nprint('setting alarm.....')\nwhile True:\n    current_time=datetime.now()\n    current_hour=current_time.strftime('%I')\n    current_minute=current_time.strftime('%M')\n    current_period=current_time.strftime('%p')\n    current_date=current_time.strftime('%d')\n    if current_date==alarm_date and current_period==alarm_period and current_hour==alarm_hour and current_minute==alarm_minute:\n        print('*'*10)\n        print('| '+'Wake up!'+' |')\n        print('*'*10)\n        if music_or_beep=='m':\n            playsound('audio.wav')\n        else:\n            winsound.Beep(freq dur)\n        break```
AIMessage,explain code
HumanMessage,import pyjokes\nimport time\nfrom win10toast import ToastNotifier \nwhile 1:\n    notify = ToastNotifier()\n    notify.show_toast("Time to laugh!"  pyjokes.get_joke() duration = 20)\n    time.sleep(1800)
AIMessage,explain code
HumanMessage,`from tkinter import *\nimport random\nimport string\nroot = Tk()\nroot.geometry("400x200")\npassstr = StringVar()\npwd_len = IntVar()\n# function to generate the password\ndef get_pass():\n    pass1 = string.ascii_letters + string.digits + string.punctuation\n    password = ""\n    for x in range(pwd_len.get()): #loop to generate the user given length for password\n        password = password + random.choice(pass1)\n    passstr.set(password)\n#tkinter command to generate the gui    \nLabel(root text="Password Generator" font="calibri 18 bold").pack()\nLabel(root text="Enter length of Password").pack(pady=9)\nEntry(root textvariable=pwd_len).pack(pady=2)\nButton(root text="Generate Password" command=generate).pack(pady=15)\nEntry(root textvariable=passstr).pack(pady=2)\nroot.mainloop()`
AIMessage,explain code
HumanMessage,from tkinter import *\nimport wikipedia\ndef get_data():\n    entry_value = entry.get()\n    answer.delete(1.0 END)\n    try:\n        answer_value = wikipedia.summary(entry_value)\n        answer.insert(INSERT answer_value)\n    except:\n        answer.insert(INSERT "ERROR! Invalid input or poor internet connection")\nwin = Tk()\nwin.title("Wikipedia Search")\ntopframe = Frame(win)\nentry = Entry(topframe)\nentry.pack()\nbutton = Button(topframe text="search" command=get_data)\nbutton.pack()\ntopframe.pack(side = TOP)\nbottomframe = Frame(win)\nscroll = Scrollbar(bottomframe)\nscroll.pack(side=RIGHT fill=Y)\nanswer =  Text(bottomframe width=50 height=20 yscrollcommand = scroll.set wrap=WORD)\nscroll.config(command=answer.yview)\nanswer.pack()\nbottomframe.pack()\nwin.mainloop()\nHow this wekipedia search engine works? I didn't got this could you please help me in this?
AIMessage,explain code
,
,
,
HumanMessage,Improve the writing: 'In today's world AI is everywhere and a necessity but you have different apps for all this task like one app for ai writing and another app for improving the writing then again back to original app for completing task. It takes too much window switching extra time and effort'
AIMessage,improve writing
HumanMessage,improve it: We are dedicatedly working on the app on adding new features to it by keeping user in first priority.
AIMessage,improve writing
HumanMessage,improve the sentence : - **Google Calendar** Whenever you need to see your schedule just ask to AI it will show you schedule immediately
AIMessage,improve writing
HumanMessage,Can you change it to simple words "Overhauling the servers file hierarchy to improve organization and maintainability."
AIMessage,improve writing
HumanMessage,Improve it: 'We have to change in our file configs for the app and change in file structure of server for smooth deployment. The tagets are:\n- [ ] Moving API Keys and Sign-In Credentials in the client side (local device)\n- [ ] Changing Flask server to **LangServe Fast API**\n- [ ] Redesigning the server file structure\n- [ ] Changing Dataset from python list to .csv file (betterment for future)'
AIMessage,improve writing
HumanMessage,improve it but keep the orginality: "You have used a lot of different AI apps for your work for different purpose. But had irritated by switching tabs/windows every time right ?"
AIMessage,improve writing
HumanMessage,rewrite it for me: "I found that #109 is the source of this bug I am making a pull request by removing the buggy part of the code."
AIMessage,improve writing
HumanMessage,Please rewrite these sentences in a more formal and friendly tone: "Thats great! I have build the react component from scratch with my React skill. although am not that good in frontend. Your contribution in  frotend will make the development much faster."
AIMessage,improve writing
HumanMessage,Rewrite this GitHub issue in professional way : "## Hello\n### I am looking for a **Profile-Page** redesign for our Application.\nHere's the deal:\n- Keep the **theme style consistent** with our current vibe.\n- Feel free to get creative with the design! üåà\nüí° Do you need help with a code location? The code location that you have to work on is `src/renderer/src/components/pages/ProfilePage.jsx` and has a separate CSS file at `src/renderer/src/components/pages/style/ProfilePage.css`"
AIMessage,improve writing
HumanMessage,Can you make these sentences more concise and impactful? : 'Scheduling a Meeting: Propose a time and date for a meeting and provide a brief agenda to give the recipient a clear idea of what to expect.'
AIMessage,improve writing
HumanMessage,I'd like these sentences to have a more conversational and friendly feel: `Just wanted to say a quick thank you for updating the README file for our project. Your contribution is greatly appreciated!`
AIMessage,improve writing
HumanMessage,'Just wanted to say a quick thank you for updating the README file for our project. Your contribution is greatly appreciated!'. Is it possible to rewrite these sentences using stronger verbs and vivid imagery?
AIMessage,improve writing
,
,
,
HumanMessage,Improve this starting of my reaserch paper please...\nAbstract\n\nThe paper discusses the results of a study which explored advanced learners of English\nengagement with their mobile devices to develop learning experiences that meet their\nneeds and goals as foreign language learners. The data were collected from 20 students\nby means of a semi-structured interview. The gathered data were subjected to\nqualitative and quantitative analysis. The results of the study demonstrated that; on the\none hand; some subjects manifested heightened awareness relating to the\nadvantageous role of mobile devices in their learning endeavors their ability to reach\nfor suitable tools and retrieve necessary information so as to achieve their goals meet\ntheir needs and adjust their learning of English to their personal learning styles and on\nthe other; a rather intuitive and/or ad hoc use of their mobile devices in the classroom.\n\nKeywords: Learner autonomy; mobile devices; advanced EFL learners; learning\nEnglish.
AIMessage,improve academic writing
HumanMessage,ACKNOWLEDGEMENT\n\n\nIt gives me great pleasure to express my gratitude towardsour Chemistry teacher MR. SANJAY SINGH for his guidance; support and encouragement throughout theduration of the project on the topic "Preparation of soyabean milk and its comparison with the natural milk with respectto curd formation effect of temperature and taste‚Äù\n\nThen I would like to thank my parents and friends who have helped me with their valuablesuggestions and guidance has been helpful in various phases of the completion of the project. Without theirmotivation and help the successful completion of this project would not have been possible. I hope you will likethis project.\n\nThanking you !Sakshi Gupta
AIMessage,improve academic writing
HumanMessage,‚Ä¶INTRODUCTION‚Ä¶\n\nSoy milk is a high protein; iron-rich milky liquid produced from pressing ground; cooked soybeans. Creamy white soy milk resembles cow‚Äôs milk but in fact differs from its dairy counterpart in a number of ways. Not only it is higher in protein and iron content; but it is cholesterol-free; low fat; and low sodium. It is; however;lower in calcium and must be fortified with calcium when given to growing children. Those who are allergic to cow‚Äôs milk or are unable to digest lactose; the natural sugar found in cow‚Äôs milk; find soya milk easy to digest since it is lactose-free.Those who are calorie-conscious can purchase reduced fat soy milk(called lite soy milk) but this is often lower in protein as well. Somedo not enjoy the taste of original soy milk; so manufacturers nowoffer flavored soy milk. Soy milk can be substituted for milk innearly any recipe.Those who merely want to boost protein intake often add powderedsoy milk to other beverages; others find it economical to purchase itin powder form and then make soy milk when they add water to the powder. Children under one year of age should be given a formulaof soy milk specifically developed with their nutritional needs inmind.Soy milk requires only soybeans and water (and steam) for itscreation. Soy milk is nearly always fortified with calcium; vitaminsD; and certain B vitamins. Highly concentrated flavorings; such asvanilla; carob; chocolate; and almond are often added to the finished product.
AIMessage,improve academic writing
HumanMessage,THEORY‚Ä¶\n\nNatural Milk is an opaque white fluid secreted by the mammary glandsof the female mammals. It contains proteins; carbohydrates; vitamins; minerals; fats and water. Fresh milk is sweet in taste. On keeping for a long time at 35-40 oC; it becomes sour due to lactic acid. That is why natural milk has a strong tendency to go bad in summers and is preserved at low temperature in refrigerators. In acidic conditions; casein of the milk starts separating out as a precipitate. When theacidity in milk is sufficient and the temperature is around 35oC; it forms a semi-solid mass called curd. The curd formation may be studiedby keeping the milk at different temperatures.Soybean milk is made from soybeans and resembles natural milk.Soybean is a plant whose beans serve as a food for animals and humanbeings. It is a rich source of proteins. It is used to prepare margarine; soya butter; cheese; curd and infant food. Soybean milk is prepared bykeeping soybeans dipped in water for sometimes. The swollen beans arethen crushed to a paste. The paste is mixed with water; solution is filtered and filtrate is soybean milk. It does not contain carbohydratesand lactose. It has no flavor. Soybean milk is solid after adding sugarand flavors.\n\nPROCEDURE‚Ä¶\n\n1) Soak about 150g of soya beans in sufficient amount of water sothat they are completely dipped in it.\n2)Take out swollen soya beans and grind them to a very fine paste and filter it through a muslin cloth.\n3)Clear white filtrate is soya bean milk. Compare its taste withbuffalo milk.\n4) Take 50 ml of soya bean milk in three other beakers and heatthe beakers to 30 oC; 40 oC and 50 oC respectively.\n5) Add ¬º spoonful curd to each of these beakers. Leave thebeakers undisturbed for 8 hours and curd is formed.
AIMessage,improve academic writing
HumanMessage,Improve it: \n1.1 Objective and scope of the ProjectSimple ‚ÄúCyber Caf√© Management System Project‚Äù. This is a simple console-based system which is very easy to understand and use. Talking about the system it contains all the basic functions which include entering customer‚Äôs details & time charges & bill & login history & user name and its addresses totalcost. Cyber Caf√© current maintains the records manually. In this mini project. there is no such login system. This means he/she can use all those available features easily without any restriction. The cybercaf√© management system is intended to offer a comprehensive solution for internet caf√© owners; operators and consumers. It is too easy to use. he/she can check the total cost ofusing the Cyber Caf√© easily with each and every detail.
AIMessage,improve academic writing
HumanMessage,Rewrite this school project section in professional way: The project entitled ‚ÄúCyber Caf√© Management System using PHP and MySQL‚Äù is a software package which can be used in cyber caf√©s for managing the clients‚Äô computer efficiently. Now a day‚Äôs cyber terrorism which is mainly undergone through internet caf√©s need to be tackled properly. Thereby it is indeed necessary to store the valid information of the user who comes for internet access. The system being used the time at which the user logs in and logs out should be recorded systematically.\n\nProject Requirements\nProject Name	Cyber Cafe Management System Project in PHP\nLanguage Used	PHP5.6 - PHP7.x\nDatabase	MySQL 5.x\nUser Interface Design	HTML & AJAX & JQUERY & JAVASCRIPT\nWeb Browser	Mozilla or Google Chrome or IE8 or OPERA\nSoftware	XAMPP / Wamp / Mamp/ Lamp (anyone)\nProject Modules\nIn Cyber Caf√© Management System we use PHP and Mysql database. This is the project which keep records of daily users of cyber cafe. Cyber Caf√© Management System has one module i.e Admin.\n\nDashboard: In this section admin can briefly view total number of computers and total number of user come in cyber cafe.\nComputer: In this section admin can manage the computers(add/update/delete).\nUsers: In this section admin can add new users update outime price and remark and view details of old users.\nSearch: In this section admin can search users on the basis of entry id.\nReport: In this section admin can view number of users comes in cyber caf√© in particular periods.\nProfile: In this section admin can update his/her profile.\nChange Password: In this section admin can change his/her passwords\nLogout: Through this button admin can logout.\nAdmin can also recover his/her password.\nNote:  In this project MD5 encryption method used.
AIMessage,improve academic writing
,
,
,
HumanMessage,Generate a 5-paragraph essay outline for the topic "The Impact of Social Media on Mental Health" using APA style formatting.
AIMessage,write essay
HumanMessage,Write a persuasive essay arguing for the benefits of renewable energy sources. Target audience: General public. Tone: Informative and persuasive.
AIMessage,write essay
HumanMessage,Create a compare-and-contrast essay analyzing the leadership styles of Abraham Lincoln and Franklin D. Roosevelt. Word count: 1200. Source integration required.
AIMessage,write essay
HumanMessage,Develop an introduction paragraph for a research paper on the ethical implications of artificial intelligence. Include a strong thesis statement
AIMessage,write essay
HumanMessage,Compose a conclusion paragraph for an argumentative essay on the importance of gun control legislation. Emphasize a call to action.
AIMessage,write essay
HumanMessage,Rewrite the following sentence in a more formal tone: "[any topic] is super important you guys!"
AIMessage,write essay
HumanMessage,Expand the following point into a well-developed body paragraph for an essay on the future of space exploration: "The discovery of water on Mars opens exciting possibilities."
AIMessage,write essay
HumanMessage,Generate a creative title for an essay exploring the positive aspects of boredom
AIMessage,write essay
HumanMessage,Fact-check the following claim and provide an in-text citation for a credible source: "The population of the Earth is expected to reach 10 billion by 2050."
AIMessage,write essay
HumanMessage,Summarize the main argument of the following article (provide article title or link) in 3-5 sentences
AIMessage,write essay
HumanMessage,Write an essay on the causes and effects of climate change.
AIMessage,write essay
HumanMessage,Generate an essay on the history and evolution of democracy.
AIMessage,write essay
HumanMessage,Develop an essay on the importance of mental health awareness.
AIMessage,write essay
HumanMessage,Prepare an essay on the ethical implications of artificial intelligence.
AIMessage,write essay
HumanMessage,Craft an essay explaining the significance of renewable energy sources.
AIMessage,write essay
HumanMessage,Produce an essay on the economic effects of the COVID-19 pandemic
AIMessage,write essay
HumanMessage,Create an essay about the challenges and benefits of globalization.
AIMessage,write essay
,
,
,
HumanMessage,Write a micro essay on the impact of daily exercise on mental health.
AIMessage,write micro essay
HumanMessage,Compose a micro essay about the benefits of learning a second language.
AIMessage,write micro essay
HumanMessage,Write a 250-word essay arguing for the importance of public libraries in the digital age
AIMessage,write micro essay
HumanMessage,Craft a micro-essay (around 100 words) exploring the concept of courage from the perspective of a soldier.
AIMessage,write micro essay
HumanMessage,In 150 words or less. analyze the environmental impact of single-use plastics.
AIMessage,write micro essay
HumanMessage,Write a micro essay on the effects of remote work on productivity
AIMessage,write micro essay
HumanMessage,Using 100 words. analyze the role of technology in connecting or isolating people.
AIMessage,write micro essay
HumanMessage,Craft a 200-word essay from the perspective of a historical figure about their greatest achievement.
AIMessage,write micro essay
HumanMessage,Compose a concise essay on the topic on how mindfulness practices can reduce stress.
AIMessage,write micro essay
HumanMessage,Generate a brief analysis of [topic] in essay form adhering to a word limit of 180.
AIMessage,write micro essay
HumanMessage,Craft a miniature exploration of [topic] utilizing the essay format and maintaining a length of max-to-max 250 words.
AIMessage,write micro essay
HumanMessage,Whip up a short essay about the pros and cons of social media.
AIMessage,write micro essay
HumanMessage,Let's brainstorm a mini-essay exploring [topic].
AIMessage,write micro essay
HumanMessage,Challenge yourself to write a bite-sized essay (around [word count] words) on [topic].
AIMessage,write micro essay
HumanMessage,Imagine you have a single paragraph to capture the essence of [topic]. Write an essay in that format!
AIMessage,write micro essay
,
,
,
HumanMessage,Generate Summary (Uploaded Text: [text])
AIMessage,summarize
HumanMessage,Summarize this text in [number] sentences.\n(Uploaded Text: [text])
AIMessage,summarize
HumanMessage,Hey Pinac summarise it for me: Experiment with Attribute Combinations\nHopefully the previous sections gave you an idea of a few ways you can\nexplore the data and gain insights. You identified a few data quirks that you\nmay want to clean up before feeding the data to a machine learning\nalgorithm and you found interesting correlations between attributes in\nparticular with the target attribute. You also noticed that some attributes have\na skewed-right distribution so you may want to transform them (e.g. by\ncomputing their logarithm or square root). Of course your mileage will vary\nconsiderably with each project but the general ideas are similar.\nOne last thing you may want to do before preparing the data for machine\nlearning algorithms is to try out various attribute combinations. For example\nthe total number of rooms in a district is not very useful if you don‚Äôt know\nhow many households there are. What you really want is the number of\nrooms per household. Similarly the total number of bedrooms by itself is not\nvery useful: you probably want to compare it to the number of rooms. And\nthe population per household also seems like an interesting attribute\ncombination to look at. You create these new attributes as follows:\nhousing["rooms_per_house"] = housing["total_rooms"] / housing["households"]\nhousing["bedrooms_ratio"] = housing["total_bedrooms"] / housing["total_rooms"]\nhousing["people_per_house"] = housing["population"] / housing["households"]\nAnd then you look at the correlation matrix again:\n>>> corr_matrix = housing.corr()\n>>> corr_matrix["median_house_value"].sort_values(ascending=False)\nmedian_house_value 1.000000\nmedian_income\n0.688380\nrooms_per_house\n0.143663\ntotal_rooms\n0.137455\nhousing_median_age 0.102175\nhouseholds\n0.071426\ntotal_bedrooms\n0.054635\npopulation\n-0.020153\npeople_per_house -0.038224\nlongitude\n-0.050859latitude\n-0.139584\nbedrooms_ratio\n-0.256397\nName: median_house_value dtype: float64\nHey not bad! The new bedrooms_ratio attribute is much more correlated\nwith the median house value than the total number of rooms or bedrooms.\nApparently houses with a lower bedroom/room ratio tend to be more\nexpensive. The number of rooms per household is also more informative than\nthe total number of rooms in a district‚Äîobviously the larger the houses the\nmore expensive they are.\nThis round of exploration does not have to be absolutely thorough; the point\nis to start off on the right foot and quickly gain insights that will help you get\na first reasonably good prototype. But this is an iterative process: once you\nget a prototype up and running you can analyze its output to gain more\ninsights and come back to this exploration step.
AIMessage,summarize
HumanMessage,Give me a concise overview of it (Uploaded Text: [text])
AIMessage,summarize
HumanMessage,Give me a concise overview of it (Uploaded Text: [text])
AIMessage,summarize
HumanMessage,Give me a concise overview of it (Uploaded Text: [text])
AIMessage,summarize
HumanMessage,Give me a concise overview of it (Uploaded Text: [text])
AIMessage,summarize
HumanMessage,What this text want to say?:Why Use Machine Learning?\nConsider how you would write a spam filter using traditional programming\ntechniques (Figure 1-1):\n1. First you would examine what spam typically looks like. You might\nnotice that some words or phrases (such as ‚Äú4U‚Äù; ‚Äúcredit card‚Äù; ‚Äúfree‚Äù;\nand ‚Äúamazing‚Äù) tend to come up a lot in the subject line. Perhaps you\nwould also notice a few other patterns in the sender‚Äôs name the email‚Äôs\nbody and other parts of the email.\n2. You would write a detection algorithm for each of the patterns that you\nnoticed and your program would flag emails as spam if a number of\nthese patterns were detected.\n3. You would test your program and repeat steps 1 and 2 until it was good\nenough to launch.
AIMessage,summarize
HumanMessage,Give me a concise overview of it (Uploaded Text: [text])
AIMessage,summarize
HumanMessage,Give me a concise overview of the document: [text]
AIMessage,summarize
,
,
,
HumanMessage,Give me a 5-sentence summary of this (Uploaded Text: [text])
AIMessage,summarize in micro
HumanMessage,Explain it to me in very shot `EXAMPLES OF SAMPLING BIAS\nPerhaps the most famous example of sampling bias happened during the\nUS presidential election in 1936 which pitted Landon against Roosevelt:\nthe Literary Digest conducted a very large poll sending mail to about 10\nmillion people. It got 2.4 million answers and predicted with high\nconfidence that Landon would get 57% of the votes. Instead Roosevelt\nwon with 62% of the votes. The flaw was in the Literary Digest‚Äôs\nsampling method:\nFirst to obtain the addresses to send the polls to the Literary Digest\nused telephone directories lists of magazine subscribers club\nmembership lists and the like. All of these lists tended to favor\nwealthier people who were more likely to vote Republican (hence\nLandon).\nSecond less than 25% of the people who were polled answered.\nAgain this introduced a sampling bias by potentially ruling out\npeople who didn‚Äôt care much about politics people who didn‚Äôt like\nthe Literary Digest and other key groups. This is a special type of\nsampling bias called nonresponse bias.\nHere is another example: say you want to build a system to recognize\nfunk music videos. One way to build your training set is to search for\n‚Äúfunk music‚Äù on YouTube and use the resulting videos. But this assumes\nthat YouTube‚Äôs search engine returns a set of videos that are\nrepresentative of all the funk music videos on YouTube. In reality the\nsearch results are likely to be biased toward popular artists (and if you\nlive in Brazil you will get a lot of ‚Äúfunk carioca‚Äù videos which sound\nnothing like James Brown). On the other hand how else can you get a\nlarge training set?`
AIMessage,summarize in micro
HumanMessage,Give me it in a few sentences please (Uploaded Text: [text])
AIMessage,summarize in micro
HumanMessage,Explain it within 5 sentence: 'THE UNREASONABLE EFFECTIVENESS OF DATA\nIn a famous paper published in 2001 Microsoft researchers Michele\nBanko and Eric Brill showed that very different machine learning\nalgorithms including fairly simple ones performed almost identically\nwell on a complex problem of natural language disambiguation 6 once\nthey were given enough data (as you can see in Figure 1-21).\nAs the authors put it ‚Äúthese results suggest that we may want to\nreconsider the trade-off between spending time and money on algorithm\ndevelopment versus spending it on corpus development‚Äù.\nThe idea that data matters more than algorithms for complex problems\nwas further popularized by Peter Norvig et al. in a paper titled ‚ÄúThe\nUnreasonable Effectiveness of Data‚Äù published in 2009.‚Å† 7 It should be\nnoted. however that small and medium-sized datasets are still very\ncommon and it is not always easy or cheap to get extra training data‚Å† ‚Äî\nso don‚Äôt abandon algorithms just yet.'
AIMessage,summarize in micro
,
,
,
HumanMessage,summarise it quickly for me: (Uploaded Document: [text extraction of any length])
AIMessage,summarize document
HumanMessage,Give me a concise overview of the document (Uploaded Document: [text extraction of any length])
AIMessage,summarize document
HumanMessage,Please summarize the key points and main ideas from the document in a concise manner. (Uploaded Document: [text extraction of any length])
AIMessage,summarize document
HumanMessage, (Uploaded Document: [text extraction of any length])
AIMessage,summarize document
HumanMessage,Provide a high-level overview of the document's content. focusing on the essential details. (Uploaded Document: [text extraction of any length])
AIMessage,summarize document
HumanMessage,Try to keep the summary to a few paragraphs or a short bulleted list. Capturing the core information without unnecessary details. (Uploaded Document: [text extraction of any length])
AIMessage,summarize document
HumanMessage,If possible structure the summary with clear topic sentences and logical flow to make it easy to understand. (Uploaded Document: [text extraction of any length])
AIMessage,summarize document
HumanMessage,Summarize the main arguments presented in this document (Uploaded Document: [text extraction of any length])
AIMessage,summarize document
HumanMessage,take a look at it... (Uploaded Document: [text extraction of any length])
AIMessage,summarize document
HumanMessage,(Uploaded Document: [text extraction of any length])
AIMessage,summarize document
HumanMessage,This is a scientific paper about climate change. Please summarize the key findings in a concise and understandable way: (Uploaded Document: [text extraction of any length])
AIMessage,summarize document
,
,
,
HumanMessage,Hey I need to prepare only the important questions from this book for my exam. help me in it (Uploaded Document: [text extraction of any length])
AIMessage,extract questions
HumanMessage,give me 10 shot-questions from the first topic of this book(Uploaded Document: [text extraction of any length])
AIMessage,extract questions
HumanMessage,give me 10 long-ans-type-questions from this(Uploaded Document: [text extraction of any length])
AIMessage,extract questions
HumanMessage,Please read the following document and extract all the questions asked within the text.(Uploaded Text: [text])
AIMessage,extract questions
HumanMessage,Ask me some questions on this!(Uploaded Text: [text])
AIMessage,extract questions
,
,
,